{
  "numTotalTestSuites": 2,
  "numPassedTestSuites": 2,
  "numFailedTestSuites": 0,
  "numPendingTestSuites": 0,
  "numTotalTests": 1,
  "numPassedTests": 0,
  "numFailedTests": 1,
  "numPendingTests": 0,
  "numTodoTests": 0,
  "startTime": 1701274538035,
  "success": false,
  "testResults": [
    {
      "assertionResults": [
        {
          "ancestorTitles": [
            "",
            "Test runner suite"
          ],
          "fullName": " Test runner suite App should mount correctly",
          "status": "failed",
          "title": "App should mount correctly",
          "duration": 40,
          "failureMessages": [
            "expected 'event name' to be 'hello codedamn!' // Object.is equality"
          ],
          "location": {
            "line": 12,
            "column": 67
          }
        }
      ],
      "startTime": 1701274539314,
      "endTime": 1701274539354,
      "status": "failed",
      "message": "",
      "name": "/home/damner/code/.labtests/reactcheck.test.jsx"
    }
  ]
}